z1,z2,z3,z4,z5,NAM9,MDM35,CBP6,QRI5,RSM18,RSM7,MRPL11,MRPL25,DLD2,YPR126C,MSS116,AFG3,SSC1,MRPL33,YPR125W
1,1,1,1,1,-0.3214,-0.3446,-0.4898,-0.6977,-0.244,-0.2248,-0.4072,-0.0839,-0.5283,0.0019,-0.3017,-0.4065,-0.1049,-0.1816,0.1266
0,0,0,0,0,-0.4286,-0.1726,-0.4096,-0.1926,-0.2861,-0.6616,-0.6579,-0.4257,-0.1673,-0.0677,-0.5135,-0.6138,-0.1668,-0.2352,-0.0738
1,1,1,1,1,0.0884,5e-04,-0.1162,-0.009,-0.0494,-0.0082,0.2802,-0.1944,0.3219,0.1949,0.5809,-0.1172,-0.1333,-0.1729,0.4868
0,0,0,0,0,-0.4427,-0.3498,-0.5335,-0.5065,-0.4583,-0.2545,-0.518,-0.3061,-0.4253,-0.1972,-0.3308,-0.1634,-0.5205,-0.3705,-0.0991
0,0,0,0,0,0.021,-0.3806,-0.6931,-0.3413,-0.1219,-0.384,-0.0997,-0.0318,-0.3126,0.0343,0.1577,-0.2833,-0.2953,-0.1078,0.2127
0,0,0,0,0,-0.2426,-0.025,-0.2724,-0.3482,-0.044,-0.4052,-0.3802,-0.1034,0.0399,-0.2018,-0.2116,-0.0811,-0.2794,-0.1853,-0.1418
1,1,1,1,1,0.4793,0.2374,0.0199,-0.1749,-0.0875,-0.1847,0.3972,0.0936,0.2083,0.0574,0.8816,0.2667,0.1786,-0.1859,0.5443
0,0,0,0,0,-0.3595,-0.3266,-0.2131,-0.4599,-0.2573,-0.4568,-0.5174,0.5256,-0.2791,-0.2886,-0.4072,-0.2066,-0.1551,-0.3262,-0.2656
0,1,1,1,1,0.3268,0.3701,0.2531,-0.3474,0.0783,-0.1912,0.2251,0.2065,-0.1314,0.4082,0.404,-0.0877,0.033,0.2315,0.4805
1,1,1,1,0,0.1829,-0.0022,-0.1681,0.0715,-0.0758,-0.0567,0.3512,0.2121,0.2109,0.3722,0.4728,0.0477,-0.1125,0.0524,0.5386
0,0,0,0,0,-0.1927,-0.1905,-0.4568,0.0295,-0.2024,-0.0631,0.0232,-0.065,-0.0154,0.117,0.4855,-0.1445,-0.1669,-0.1071,0.2413
1,0,0,0,0,-0.2857,-0.315,-0.2551,-0.4038,-0.1314,-0.1503,-0.3184,-0.0308,-0.2217,-0.2405,-0.2832,-0.2335,-0.29,-0.2582,-0.0864
0,0,0,0,0,-0.5462,-0.3462,-0.4681,-0.6961,-0.2356,0.007,-0.5756,-0.31,-0.37,-0.2808,-0.679,-0.2329,-0.4065,-0.1653,-0.1035
0,0,0,0,0,-0.563,-0.4159,-0.5558,-0.6697,-0.2284,-0.6926,-0.5499,-0.2516,-0.4658,-0.2163,-0.9597,-0.3523,-0.3834,-0.3402,-0.2804
0,0,0,0,0,-0.232,-0.3151,-0.1585,-0.3189,-0.3195,-0.2676,-0.3684,-0.1522,-0.1301,-0.0426,-0.3384,-0.29,-0.139,-0.2097,-0.03
0,1,1,1,1,0.2159,0.0694,-0.3759,0.0931,0.2228,-0.0089,0.198,0.2184,0.1117,0.0203,0.4204,0.1119,-0.3129,0.1553,0.1657
1,1,1,1,1,-0.0123,-0.0856,-0.0894,-0.0112,-0.0194,-0.0732,0.0733,0.0935,0.0798,0.0701,0.3531,0.1268,0.1324,-0.1795,0.1233
1,1,0,0,0,0.038,0.0655,0.0105,0.1855,0.3457,0.0472,0.516,0.1781,-0.118,0.3846,0.5623,-0.0902,0.1642,0.1882,0.4028
0,0,0,0,0,-0.148,-0.2504,-0.5868,-0.5044,-0.3756,-0.2592,-0.2071,-0.1368,-0.1371,0.0428,-0.0038,0.0082,-0.1676,-0.1423,0.4444
0,1,1,1,1,-0.7551,-0.6475,-0.7018,-0.7913,-0.3402,-0.5456,-0.6759,-0.6432,-0.1877,-0.0113,-0.4339,-0.5569,-0.5765,-0.3732,0.0272
1,1,1,1,1,-0.2407,-0.0952,-0.3848,-0.3482,-0.4018,-0.3395,-0.0991,-0.1876,-0.1987,0.3473,0.3883,-0.0339,-0.5551,-0.1217,0.3805
0,0,0,0,0,-0.8221,-0.4334,-0.6476,-0.6579,-0.4597,-0.7464,-0.6432,-0.2879,-0.4244,-0.0523,-0.2386,-0.5384,-0.3368,-0.1934,-0.1669
0,0,0,0,0,0.1218,-0.0127,-0.0149,-0.0686,0.0672,0.051,0.0328,-0.0854,-0.1649,-0.0556,0.0415,-0.1794,-0.0839,0.0449,-0.048
0,0,0,0,0,-0.5384,-0.2256,-0.3274,-0.4489,-0.3083,-0.1503,-0.4069,-0.5283,-0.2432,-0.0787,-0.4918,-0.328,-0.3852,-0.2074,-0.2115
0,0,0,0,0,-0.4697,-0.4441,-0.5224,-0.0992,-0.3823,-0.2432,-0.2192,-0.3025,-0.0117,0.1116,0.0711,-0.2921,-0.444,-0.0544,0.0898
0,0,0,0,0,-0.0976,-0.294,-0.268,-0.2966,-0.2218,-0.2013,0.0301,-0.1454,-0.202,0.1161,0.1004,-0.2583,0.0397,-0.1945,0.2357
0,1,1,1,1,0.0744,0.0783,0.0099,-0.0274,0.1875,0.1229,0.2256,0.2096,-0.21,0.1498,0.0842,0.2171,0.1975,0.0061,0.116
0,0,0,0,0,-0.6467,-0.6268,-0.6397,-0.5928,-0.4427,-0.4634,-0.7841,-0.6379,-0.3568,-0.0455,-0.3658,-0.4376,-0.4432,-0.4216,-0.1324
1,1,1,1,1,0.1135,0.1001,-0.1026,0.1229,0.2628,0.0113,0.2472,0.4932,0.1377,-0.0081,0.4499,-0.2547,-0.0907,0.1401,0.2967
1,1,1,1,1,0.0391,0.0154,-0.058,-0.3158,-0.0365,-0.3252,-0.0087,0.0611,-0.27,0.1334,0.2316,0.1363,-0.2914,-0.1179,0.2925
1,1,1,1,1,0.1743,-0.0245,-0.3614,0.0335,-0.3272,0.2701,0.1195,-0.0568,0.2729,0.3351,0.3425,0.6987,0.0177,-0.0789,0.6448
1,1,1,1,1,0.1081,-0.2829,-0.176,-0.1188,0.0063,-0.1286,0.0581,-0.2897,-0.4484,0.0599,0.098,0.2972,0.2912,-0.3215,0.6396
1,1,1,1,1,-0.0156,-0.085,-0.4465,-0.0421,0.0647,-0.1738,0.2531,0.3744,-0.0982,0.3868,0.5256,0.0821,-0.1043,0.0467,0.7022
1,1,1,1,1,-0.0366,-0.0666,0.0642,-0.2587,0.1682,-0.0454,0.3685,0.077,-0.1399,0.2773,0.318,0.2292,-0.2868,0.0159,0.2747
1,1,1,1,1,-0.0061,-0.0437,-0.2758,0.2897,0.0537,0.1868,0.3566,0.2757,0.1404,0.0113,0.1436,0.1354,-0.16,0.1512,0.503
1,0,0,0,0,-0.1834,-0.0285,-0.2327,-0.2076,-0.1273,-0.1359,0.1855,-0.1466,-0.0753,0.2339,0.2275,0.1222,-0.2262,-0.0301,0.4549
1,1,1,1,1,-0.0322,-0.0189,-0.1407,0.1289,0.0225,-0.1276,0.2278,0.1308,0.0122,0.2324,0.3583,-0.0544,-0.5187,0.084,0.278
0,0,0,0,0,-0.7073,-0.376,-0.5128,-1.0586,-0.4086,-0.6452,-0.7957,-0.2854,-0.2579,-0.1973,-0.5489,-0.2714,-0.4318,-0.5273,-0.0736
0,0,1,1,1,-0.0303,0.009,-0.0796,0.2462,0.0406,-0.0717,0.1289,0.2663,0.089,-0.1431,0.2906,-0.0765,0.1538,0.0384,0.1124
0,0,0,0,0,-0.49,-0.4335,-0.4913,-0.7359,-0.557,-0.3252,-0.4407,-0.3305,-0.3324,0.0402,-0.398,-0.0316,-0.4641,-0.364,-0.1328
1,1,1,1,1,-0.2263,-0.3382,-0.1808,-0.1175,-0.0715,-0.1514,0.0282,0.0753,-0.3009,0.1669,0.175,0.2525,-0.3724,-0.0111,0.0879
1,1,1,1,1,0.0648,0.1038,0.0237,0.0812,0.2146,-0.1489,0.3951,0.0986,-0.074,0.3076,0.583,0.0163,-0.057,0.1306,0.6644
0,0,0,0,0,-0.5852,-0.7532,-0.5264,-0.5099,-0.4567,-0.1967,-0.5642,-0.6922,-0.287,-0.2411,-0.3923,-0.2024,-0.2269,-0.4471,-0.2363
1,1,1,1,1,-0.1374,-0.0296,-0.0516,0.1625,0.1216,-0.111,0.0052,0.1108,-0.035,-0.222,0.264,-0.3965,-0.2649,0.2253,0.1241
0,0,0,0,0,-0.2229,-0.0873,-0.7162,-0.101,0.2463,-0.071,0.0219,0.1707,-0.2411,-0.1049,-0.5312,-0.3085,-0.3884,0.0996,0.0034
1,1,1,1,1,0.0736,0.0281,-2e-04,-0.2427,0.1185,0.0202,0.0492,-0.2151,0.1338,0.1988,0.1966,0.0874,-0.3693,-0.0187,0.1818
0,0,0,0,0,0.056,0.1579,0.1201,0.1094,-0.0333,0.046,-0.5972,-0.1824,-0.8043,0.0651,-0.6261,0.0179,-0.171,0.3075,0.2134
0,0,0,0,0,0.0279,-0.2903,-0.2976,-0.0554,-0.4997,-0.0222,-0.1975,-0.2992,-0.5906,0.0818,0.3245,-0.2736,0.0631,-0.2323,0.2573
0,0,0,0,0,-0.5589,-0.3726,-0.515,-0.6821,-0.1205,-0.5286,-0.5618,-0.2353,-0.3523,-0.063,-0.279,-0.211,-0.4843,-0.0672,0.0329
0,0,0,0,0,-0.3362,-0.2918,-0.4347,-0.5754,-0.3374,-0.5083,-0.3473,-0.5004,-0.3918,-4e-04,-0.0092,-0.3188,-0.3153,-0.272,-0.0288
1,1,1,1,1,-0.1713,-0.1084,-0.1934,-0.1258,-0.0288,-0.1849,-0.0122,-0.0909,0.0336,0.0505,0.0392,-0.0858,-0.3448,-0.1747,-0.0146
0,0,0,0,0,-0.2329,-0.103,-0.2003,-0.2384,-0.033,-0.1922,-0.1021,-0.0098,-0.4188,-0.0482,-0.2739,-0.09,-0.2437,0.0979,-0.1317
0,0,0,0,0,-0.5624,-0.3767,-0.5396,-1.1708,-0.245,-0.2564,-0.3322,-0.2936,-0.3411,-0.218,-0.3913,-0.2221,-0.3077,-0.3307,-0.2218
1,1,1,1,0,0.1918,0.1455,-0.0853,-0.187,0.0538,-0.0912,0.25,-0.1258,0.2266,0.1734,0.6766,-0.109,-0.1885,-0.0477,0.3546
0,0,0,0,0,-0.6013,-0.2011,-0.4206,-0.4028,-0.2798,-0.2779,-0.4579,-0.115,-0.3097,-0.2056,-0.452,-0.2102,-0.2694,-0.3075,-0.1022
0,0,0,0,0,-0.518,-0.405,-0.4999,-0.7064,-0.2742,-0.4362,-0.5392,-0.6954,-0.4832,-0.2908,-0.4914,-0.0948,-0.3878,-0.4741,-0.1126
1,1,1,1,1,0.1504,0.1391,-0.0755,-0.1854,0.0138,-0.2177,0.0408,0.017,0.3899,-0.0228,0.4621,-0.0292,-0.1031,0.0719,0.2614
1,1,1,1,1,0.5562,0.7128,0.3651,0.303,0.3813,0.2357,0.8843,0.5751,0.341,0.1768,0.8346,0.1238,-0.018,0.2677,0.4586
0,0,0,0,0,0.1175,0.0844,0.026,-0.0615,0.0519,0.163,0.3051,0.095,0.0329,0.4165,0.7666,-0.388,0.0664,0.0753,0.4452
0,0,0,0,0,-0.2201,-0.1301,-0.1892,-0.1693,-0.0534,-0.1334,-0.2131,-0.2009,0.0352,-0.0322,0.146,-0.1969,-0.0612,-0.0951,0.0347
1,1,1,1,1,0.0962,0.1096,-0.0214,-0.1668,-0.0347,0.0762,0.2815,-0.064,-0.0941,0.1384,0.4872,0.2962,-0.0032,-0.1297,0.2045
1,1,1,1,1,0.0824,0.1067,0.0761,0.1387,0.0934,0.2633,0.1811,0.1096,0.1079,0.0173,0.4785,0.0933,-0.0938,-0.1118,0.2298
0,1,1,1,1,-0.1429,-0.028,-0.1435,-0.1391,-0.0268,-0.0071,-0.0069,-0.1089,0.1076,0.1417,0.0827,0.0126,-0.1657,0.0493,0.3602
0,0,0,0,0,-0.3126,-0.1489,-0.3424,-0.2882,-0.1648,-0.7875,-0.1377,0.0846,-0.3722,0.0524,-0.0366,-0.5177,-0.2608,-0.8256,-0.0014
1,0,0,0,0,0.009,-0.1077,-0.1935,-0.0207,-0.1258,-0.0889,0.1291,0.0048,0.2033,0.1798,0.3353,0.3621,-0.0087,-0.2161,0.1681
0,0,0,0,0,-0.5133,-0.2174,-0.3563,-0.7419,-0.3612,-0.5207,-0.4227,-0.4314,-0.5082,0.0461,-0.4011,-0.0603,-0.0384,-0.3222,0.1396
0,0,0,0,0,-0.1826,-0.1674,-0.375,-0.3515,-0.0143,-0.0481,-0.4141,-0.0048,0.1252,-0.1729,-0.5268,5e-04,-0.1772,-0.1044,0.005
0,0,0,0,0,-0.5673,-0.1722,-0.2806,-0.4726,-0.1389,-0.3561,-0.433,-0.6059,-0.1204,-0.0695,-0.5608,-0.2324,-0.2669,-0.3493,0.0773
0,1,1,1,1,-0.103,-0.0733,-0.256,0.0191,-0.2844,0.0495,0.3089,0.1354,-0.0909,0.2574,0.3527,0.4314,-0.0374,-0.2049,0.4931
0,0,0,0,0,-0.1136,-0.0046,-0.0346,0.0889,0.6417,-0.1156,0.0587,0.1697,-0.1101,0.275,0.3677,-0.0392,0.2527,0.3685,0.3436
1,1,1,1,1,0.0948,-0.1556,-0.09,0.0187,0.1056,-0.2449,0.3849,0.0682,0.1678,0.4019,0.5119,0.1592,-0.3188,0.5016,0.5898
1,1,1,1,1,-0.0651,0.1506,-0.0297,0.0557,-0.0107,-0.1641,0.163,0.1051,0.3154,0.0972,0.469,0.0608,-0.0438,0.0114,0.1472
0,0,0,0,0,-0.3496,-0.4372,-0.5187,-0.9098,-0.3764,-0.6876,-0.2877,-0.6091,-0.2367,0.1091,0.2198,-0.2675,-0.2878,-0.4226,0.1596
0,0,0,0,0,-0.3649,-0.1845,-0.3819,-0.4106,-0.1288,-0.1068,-0.081,-0.0933,-0.0926,-0.138,0.0845,-0.0515,-0.4161,-0.2125,0.2218
1,1,0,0,0,0.0552,-0.0134,-0.1213,-0.0688,0.0289,-0.2842,0.1575,0.0243,0.1794,0.1599,0.4217,0.049,0.0538,0.0075,0.3207
1,1,1,1,1,0.1887,0.213,-0.5638,0.2411,0.2594,-0.246,0.3069,0.5183,0.1471,0.2827,0.2743,-0.1226,0.0329,0.2142,0.4032
1,1,1,1,1,-0.1072,-0.1046,-0.1928,-0.1143,-0.1555,-0.1362,0.1012,-0.1253,0.0637,0.0533,0.342,0.0792,-0.2234,-0.1711,0.0448
0,0,0,0,0,-0.3456,-0.5037,-0.456,-0.7525,-0.442,-0.711,-0.2112,-0.3687,-0.2917,0.0394,0.1547,-0.459,-0.0929,-0.3522,0.0856
0,0,0,0,0,-0.2039,-0.1615,-0.3836,-0.272,-0.0504,-0.0641,-0.2334,-0.3651,0.1515,0.1462,0.2497,-0.0348,-0.2914,-0.2179,0.1989
1,1,1,1,1,-0.306,-0.3016,-0.3726,-0.3186,0.0134,-0.3507,-0.0659,-0.1214,0.1893,0.0997,0.3536,-0.184,-0.2392,-0.2649,0.5969
0,0,0,0,0,-0.6148,-0.3939,-0.4393,-0.9055,-0.3051,-0.4084,-0.6209,-0.2812,-0.6189,-0.2068,-0.1058,-0.5693,-0.38,-0.2599,-0.0363
0,0,0,0,0,-0.2794,-0.1175,-0.1999,-0.1363,0.0066,-0.0088,-0.1402,-0.0114,-0.2345,-0.1484,-0.2122,-0.0245,-0.0971,-0.0845,0.1122
1,1,1,1,1,-0.3559,0.4908,0.3778,0.1265,0.3563,-0.0109,0.0746,0.2839,0.0464,-0.031,-0.0634,-0.0162,-0.1955,0.1933,0.1874
1,1,1,1,1,-0.1269,0.0257,-0.197,-0.0969,0.0246,-0.1503,0.1055,0.0813,0.1179,0.0411,0.4285,0.0086,-0.2323,0.016,0.2319
0,0,0,0,0,-0.9348,-0.9798,-1.0175,-1.0175,-0.4212,-0.8964,-0.7985,-0.9627,-0.2295,-0.0205,-0.5257,-0.3559,-1.0139,-0.5105,0.081
0,0,0,0,1,-0.4599,-0.4536,-0.6454,-0.7628,-0.218,-0.9082,-0.6402,-0.7215,-0.0364,0.079,0.0301,-0.1569,-0.4186,-0.2759,0.2034
0,0,0,0,0,-0.6657,-0.4202,-0.6562,-0.7122,-0.3766,-0.4284,-0.5804,-0.4133,-0.3604,0.0259,-0.1329,-0.3032,-0.311,-0.3437,-0.0111
0,0,0,0,0,-0.4535,-0.4107,-1.0518,-0.1033,-0.1598,-0.2733,-0.2715,-0.1327,-0.2294,-0.1765,-0.4398,-0.4104,-0.5737,-0.1275,-0.3516
0,0,0,0,0,-0.7165,-0.2689,-0.5726,-0.5766,-0.1227,-0.6571,-0.6165,-0.4661,-0.3062,-0.092,-0.5107,-0.3557,-0.2602,-0.2345,-0.0314
0,0,1,1,1,0.011,-0.1276,-0.2709,-0.1551,-0.2809,-0.1074,-0.0965,-0.1301,-0.0758,0.0417,0.2171,0.1511,0.0159,-0.1188,0.3129
0,0,0,0,0,-0.4519,-0.3762,-0.5175,-1.0667,-0.291,-0.5296,-0.4432,-0.5981,-0.1106,-0.083,-0.0571,-0.0479,-0.2063,-0.3955,0.0551
0,0,0,0,0,-0.3882,-0.2823,-0.4689,-0.2419,-0.1146,-0.243,-0.3605,-0.273,-0.0707,0.0888,0.2451,-0.5399,-0.2344,-0.1323,0.112
0,0,0,0,0,-0.3515,-0.8047,-0.4821,-0.5755,-0.5538,-0.5943,0.1902,-0.0959,-0.0483,0.1191,-0.5279,0.0607,-0.144,-1.1844,0.5256
0,1,1,1,1,-0.5728,-0.2187,-0.4662,-0.1703,-0.0036,-0.6214,-0.2093,0.4604,-0.6934,0.1494,-0.1317,-0.5753,-0.0806,0.0144,0.2458
0,0,0,0,0,-0.184,-0.5433,-0.544,-0.4014,-0.4,-0.1315,-0.1488,-0.3993,-0.005,0.3382,0.2489,0.0177,0.046,-0.2687,0.5534
1,0,0,0,0,0.0341,0.1802,0.1329,0.1328,0.5229,0.0461,0.349,0.336,0.414,0.1199,0.4069,0.0233,-0.3139,0.3426,0.4869
1,1,1,1,1,-0.1261,-0.3093,-0.257,-0.6,-0.1128,-0.2582,-0.1167,-0.0639,-0.1095,0.1321,0.2356,0.0965,-0.35,-0.2232,0.1042
0,0,0,0,0,-0.3037,-0.1766,-0.4226,-0.3109,-0.249,-0.329,-0.1852,-0.3633,-0.0125,0.2678,0.4093,-0.3092,-0.2845,-0.1963,0.2694
0,0,0,0,0,-0.0089,-0.1504,0.0625,-0.2318,-0.2085,-0.093,0.0122,-0.0492,-0.0661,0.1213,0.4577,-0.2902,0.1901,-0.0111,0.3986
0,1,1,1,1,-0.3051,-0.4891,-0.3098,-0.2192,-0.1038,-0.2935,0.0252,-0.0953,-0.1661,-0.147,0.0544,-0.3458,-0.1678,-0.1093,0.0078
0,0,0,0,0,-0.3805,-0.0044,-0.2716,-0.2286,-0.3827,-0.3669,-0.4533,-0.1706,-0.418,0.0774,-0.1445,-0.282,-0.0186,-0.1,0.0934
0,0,0,0,0,-0.639,-0.3453,-0.5016,-0.6182,-0.4324,-0.233,-0.5747,-0.4168,-0.4413,-0.043,-0.3994,-0.2775,-0.4201,-0.3807,-0.0216
0,0,0,0,0,-0.2893,-0.2939,-0.4219,-0.1488,-0.168,-0.4946,-0.1834,-0.2621,-0.0388,0.0149,0.3936,-0.4298,-0.2806,-0.1564,0.0277
1,1,1,1,1,0.102,0.1331,0.126,0.3089,0.3954,0.0181,0.3554,0.2714,-0.0366,0.4936,0.4234,0.0696,0.2612,0.2294,0.6904
0,0,0,0,0,0.1479,0.1267,0.415,0.5255,0.3741,-0.0275,0.3312,0.3729,-0.0153,0.2213,0.7491,-0.3727,0.1125,0.5075,0.2708
1,1,0,0,0,0.0757,0.0319,-0.2723,0.0436,-0.1092,0.0462,0.1262,-0.4517,0.0613,0.2837,0.5695,0.0347,0.0868,-0.1013,0.2429
0,0,0,0,0,-0.5578,-0.1043,-0.1269,-0.3033,-0.2364,-0.3175,-0.1775,-0.186,-0.4138,0.0545,-0.0875,-0.094,-0.1822,-0.1373,0.0122
0,0,0,0,0,-0.8508,-0.4839,-0.7534,-0.7717,-0.6275,-0.7172,-0.8019,-0.757,-0.377,0.0502,-0.3645,-0.262,-0.4403,-0.6746,-0.1833
0,0,0,0,0,-0.1257,0.2428,-0.0298,-0.2952,-0.1177,-0.1517,-0.1286,-0.0914,0.1554,0.1943,0.2554,0.127,-0.201,-0.1199,0.2064
0,0,0,0,0,-0.5212,-0.2533,-0.5779,-0.8744,-0.346,-0.7023,-0.3289,-0.9119,-0.1273,0.1615,0.0815,-0.3364,-0.2378,-0.2728,0.225
1,1,1,1,1,0.0649,0.1758,0.2012,0.2679,0.0978,-0.2416,0.381,0.0877,-0.1618,0.5168,0.3787,-0.2116,0.1152,0.286,0.5344
1,1,1,1,1,-0.1743,-0.1189,-0.1489,-0.3656,-0.1701,-0.1677,-0.0278,-0.0847,-0.3802,-0.0138,-0.269,0.0714,-0.1305,-0.1381,0.0585
